chunk_id,window_start,window_end,text,old_binary_hit,confidence,binary_hit
0,0:00:00,0:02:00,"[00:00–00:30]
Noting that a quorum is present, I hereby call this uh regular board meeting of the Board of
Trustees of Katie Independent School District to order. Today is Tuesday, April 22nd, and the time
is uh 4 01 p.m. Dr. Gorsky, will you verify that we are in compliance with the provisions of the
Texas Open Meetings Act with regard to the notice of this meeting? I do verify we are in compliance
with the provisions of the Texas Open Meeting Act for a meeting today. At this time, the board will
now convene and close meeting.

[00:30–01:00]
In closed meeting as authorized under Section 551.001 of the Texas Government Code for the following
purposes: Texas Government Code 551.071, 551.074, and 551.129. The board has just reconvened from
close meeting. In accordance with Chapter 551 of the Texas Government Code, any action arising from
discussions in a closed meeting must be taken in an open meeting.

[01:00–01:30]
Meeting. Item 3.1 is to consider board approval of the superintendent's annual evaluation and
contract. I will now entertain a motion for this item. Mr. President. Ms. Teamy. I move that the
Board of Trustees approve of the superintendent's annual evaluation. It is moved and seconded that
this board of trustees approve of the superintendent's annual evaluation. Do I have a second? We
will now proceed to record your vote on the screen field.

[01:30–02:00]
vote on the screen via your keypad the vote the vote passes by a vote uh the motion passes by a vote
of seven to zero the ayes have it now if we will move on to the uh pledge of allegiance yeah we have
a special guest with us here today Caden Hurst she's fifth grader at Galbo Principal over there is
Jess",0,5,0
1,0:02:00,0:04:00,"[02:00–02:30]
Principal over there is Jessica Hale, parents Ashley Lowe and David Serrano, and has a sibling, uh
Jackson, who's three years old. Student special interest, Girl Scouts, and Slime. Not sure how those
fit together, but uh favorite subjects, math and writing, and a quote from Mrs. Uh DeBlanc, teacher.
Caden is an avid reader with a natural curiosity for learning. She brings a great sense of humor to
the classroom, making every lesson more enjoyable. Her eagerness to explore new ideas, along with
her creativity, allows her to think outside the box and engage deeply with her learning. And from
Mr. Benit.

[02:30–03:00]
From Mr. Benitez. Caden is optimistic, helpful, and cooperative, which has a positive impact on both
the students and the staff on campus. Her enthusiasm encourages those around her and contributes to
a productive environment. But before we bring up our pledge leader, I want to introduce the McMean's
Junior High Orchestra, who will be performing the national anthem after our pledges. So from
McMean's Junior High with our principal Steve Gazetta, the group is the McMean's Junior High
Orchestra, Director Kate Matthews, and Assistant Director Catalina Vieira, and the students with us
tonight.

[03:00–03:30]
Aileen Feng, Nanoka Okada, Jade Fan, Alfonso Cifuentes, Erica Wang, Lucas Wang, and Lucy Yu. And a
quote from Orchestra Director Kate Matthews: the students before you are members of the McMeans
Junior High Camarada Orchestra. They are actively involved in a wide variety of school activities,
from academics and athletics to clubs and community service. These students consistently demonstrate
excellence and are exemplary leaders and role models in every aspect of school life. On behalf of
the entire McBeans Junior,

[03:30–04:00]
High Fine Arts Department. I'd like to thank KDI SD administration and the school board for their
unwavering support of fine arts education and helping to keep KDI Ste a destination district for the
arts. So let's welcome our pledge leader.",0,5,0
2,0:04:00,0:06:00,"[04:30–05:00]
Of America, and two public of which you stands, one nation under God, indivisible, with liberty and
justice for all. Honor the Texas flag, I pledge relations to be Texas one state under God, one and
individual.",0,5,0
3,0:06:00,0:08:00,"[07:00–07:30]
Good evening, President Perez, board members, and Superintendent Gruwerski. My name is Caden Hirst,
and I have been attending Goblow Elementary for six years since I was in kindergarten, and it is a
very special place. In my years, I have experienced amazing teachers and events. For example, last
year I when I was in fourth grade, we participated in a fundraiser led

[07:30–08:00]
And a fundraiser led by our PTA that was so much fun. And the money donated when to help others with
special needs and to and the school. I love helping with events at school, and my family does too.
Events hosted by Gobble and PTA members are always fun and helpful. But teachers in all grades are
always there for students. For example, Miss Rulez was the best first grade teacher, in my opinion.
She always helped me when I was confused.",0,5,0
4,0:08:00,0:10:00,"[08:30–09:00]
and she always was in a positive mood. Another example is my teacher now, Miss DeBlanc. One on the
day before reading Star Test, she let us play Candyland but with a twist. To spin the wheel, we had
to correctly answer questions and show evidence about things we had learned. The teachers and events
at Gobble are the best, but I always think our mascot is meaningful. To me, the blue jay represents.

[09:00–09:30]
The blue J represents freedom. It shows that students at Galbo have the freedom to learn, to use
their imagination, and to dream big time to be playing. You select parents give me present to you.

[09:30–10:00]
We don't have much of a lot of people. I'm happy to hear that.",0,5,0
5,0:12:00,0:14:00,"[12:00–12:30]
Next up we have recognitions portion of our meeting, and at this time I'd like to introduce Brandon
Webb, Director of Communications, for the recognitions portion of our meeting tonight.

[13:00–13:30]
Gorgorsky. Well, it's happened again. KDISD has yet another state championship in fine arts. To
present to these award winners, please welcome Damon Archer, Executive Director of Fine Arts. Good
evening, President Perez, Trustees, and Superintendent Gorsky. The inaugural year of the State
Chamber Music Competition was in 2022-23. Ensembles qualified to enter the state champion.

[13:30–14:00]
Champion by earning a Division I rating at their local UIL Region solo in Ensemble competition. Only
10 brass would win ensembles and 10 string ensembles were selected to compete across the state. This
year, KDISD had a total of seven of the twenty ensembles selected across the State. Let me say that
again. Seven of the twenty ensembles from across the State were from KDISD in the finals. KDISD
earned four out of the six possible placements. Tonight, we are honored to recognize members of the",0,5,0
6,0:14:00,0:16:00,"[14:00–14:30]
Tompkins High School Horizon String Quartet, who received the distinction of state champion. At this
time, we'd like to play a performance of their actual performance that earned him, earned them the
state gold medal.

[14:30–15:00]
Yes, you can clap. That was fifteen seconds of a twenty minute performance, by the way. Um, will the
members of the Horizon String Quartet please come forward? Jake Jiang, Arjun Chandulpotla, Crystal
Yang, and Andrew Yang. Joining them will be music director Matthew Porter and Tompkins High School
principal Elizabeth Brott.

[15:30–16:00]
Congratulations to all of you on this outstanding achievement. This concludes the recognitions
portion of our meeting. Thank you very much, and again, congratulations. Fantastic. Uh now we move
on to do we have any scouts in the audience this evening? And I think I see one scout. What a treat.",0,5,0
7,0:16:00,0:18:00,"[16:00–16:30]
So tell me, what's your name? Uh Nathan Krueger. Okay, where do you go to school? Uh Cinco Ranch
High School. Cinco Ranch High School, great. And tell me what uh what rank are you? Uh I am a Life
Scout. Okay. And and you're working on merit badges now? Yeah, I'm uh here for my citizenship and
the community merit badge. Okay. How how many merit badges do you have so far? I have no idea. Oh,
you just starting? Okay, got it. Oh actually I'm almost done. I just have too many. Okay. Oh, is
that right?

[17:00–17:30]
Okay, got it. Got it. Okay, okay. Um so tell me, what's your favorite part about scouting? Probably
the people in it, because all the like the adult leaders and like all the scout leaders, they all
make it like a very special and welcoming place. Great. Do you do a lot of camping? Yeah. We my
troop does camping every month. Really? Wow, fantastic. Great. Well, thank you so much. We uh really
appreciate you coming. And I I'm glad to see uh high.

[17:30–18:00]
school kids in Boy Scouts. Yeah. Because uh, you know, the uh you see the younger younger scouts,
but to be in high school and be in the Boy Scouts thing, that's awesome. You know, it shows a lot of
uh commitment, a lot of character. Uh, you know, so we really appreciate that. So thanks for thanks
for coming up. Thanks for attending. Thank you. At this time the board",0,5,0
8,0:18:00,0:20:00,"[18:00–18:30]
of Trustees will give members of the public an opportunity to speak in accordance with KDIC Board
Policy BED Local. As defined by Board Policy, speakers who signed up by 2 p.m. on Tuesday, April
22nd, 2025, provided their first and last name, and signed in 15 minutes prior to 5 p.m. will be
allowed to address the board. Speakers who signed up to speak on posted agenda items will be allowed
three minutes to speak. Speakers who signed up to speak on non agenda items will also be allowed
today to three minutes to speak.

[18:30–19:00]
If a speaker is not finished speaking at the end of their time, a lot of time the audio will turn
off. If speakers want to share written material with the board, please provide 10 copies to the
Secretary for Board Services before the meeting begins for board members, the superintendent, the
chief communications officer, and permanent record. If a speaker has not attempted to solve a matter
administratively through proper channels as stated in board policy, the presiding officer's designee
shall advise the speaker to seek resolution through the appropriate policy. Finally,

[19:00–19:30]
Finally, and this is really important, finally, pursuant to Texas Government Code sections 551.074
and 551.0821, the board will not permit the presentation of personally identifiable information
regarding a student and will not discuss the appointment, employment, evaluation, reassignment,
duties, discipline, or dismissal of a public officer or employee to hear a complaint or charge
against an officer or employee. Should a speaker wish to address one of these issues,

[19:30–20:00]
they must do so through the appropriate local local grievance policies. FNG local, DGBA local, CKE
local, or GF local. Our speakers will be called forward in the order they signed up to speak. And
our first speaker is Amanda Valdivia. And the next person after that is uh Rebecca Trehan. Welcome.
Hi. I'm just gonna set my notes up here. My name is Amanda Amanda.",0,5,0
9,0:20:00,0:22:00,"[20:00–20:30]
My name is Amanda Valdivia, and I'm a single mom who moved my kids to the Katie School District for
the grade schools. When I enrolled my kids, I remember reading the student code of conduct and
school policies and procedures and thinking, no problem. We can handle that. But we didn't expect
that students would not be allowed to defend themselves in a traditional sense. I'm not the only
parent who feels this way. I polled parents on Nextdoor and Facebook in the last week, and I asked
them, and this is for just the KDIST area, and I asked them how they felt.

[20:30–21:00]
Uh, how they felt about traditional self-defense, other forms of self-defense, what their opinions
were. A whopping 85% believe in their kids physically fighting back. And I'm one of them. Those same
parents were also shocked, like me, to find out that if their kids fight back, they will be
disciplined the same way as the original aggressor. Katie ISD needs to make their policy on self
defense and their procedures for handling harassment, bullying, and threats extremely clear during
the enrollment process. I read this.

[21:30–22:00]
I read the same code of conduct, policies, and procedures that everybody else did. I don't remember
any pop-up that came up and said, this is our specific policy on bullying, threats, and harassment.
Please read this. This is very important. I think that would be a really good idea for the school
district to do. And I hope I see that this summer when I renew my kids' enrollment. I will be very
disappointed if I don't. So, transparency here is extremely important. And some parents may not
choose to send their kids here after they see that, but the majority probably still will, with the
knowledge that it's",0,3,0
10,0:22:00,0:24:00,"[22:00–22:30]
their burden then to talk to their kids about situations like these and how they want them to handle
it. I'm not suggesting that you allow fighting at school. We all know what a can of worms that's
gonna be. If you guys allow that. Every kid's gonna claim self-defense, pretty much. Nobody wants
that. But in the last several months, kids are not being cap- I'm hearing story after story after
story of kids who are not being kept safe, and they feel like their only choice is to fight back. My
daughter was one of them. Teachers and staff are

[22:30–23:00]
not already fully equipped to handle these situations. And when they're not fully equipped, this is
the fault of the district, not the teachers. If kids can't fight back, how are you going to protect
them? Something has to change. Despite asking, not once have I ever been allowed to come sit down at
the school and talk out anything with other students and parents when there's some kind of incident.
The district won't even ask the other party if they're willing because of the privacy policies you
guys have. There does not seem to be any kind of mediation process in place at this time. I, for
one, would like to volunteer.

[23:00–23:30]
a few hours a week as a third party mediator for situations like these. Families should not have to
choose between withdrawing their shoulders. Thank you. Thank you. Thank you very much. Thank you.
Thank you. Thank you. Rebecca Trahan, followed by Danny Ciamfrasesco. Good evening, board. Can you
hear me okay? Okay. So my name is Rebecca Trahan, and I'm going to tag off of what I spoke about in
the last board.

[23:30–24:00]
meeting and just reiterate and say that no child should ever be punished for defending themselves.
But in this situation, especially when the child went to the teacher for help, they followed the
rules and the teacher ran away. That is unacceptable anywhere. That is unacceptable in our district.
We do need a stronger self-defense policy in our discipline rulebook because our current rules of
mutual combat",0,5,0
11,0:24:00,0:26:00,"[24:00–24:30]
Combat are out of date. They should have never been written that way in the first place. And
frankly, these days, it doesn't really leave any room to address things such as sexual harassment.
It needs to be amended. It has to be changed to protect our kids, in addition to protecting the
district. In addition, you need to amend the policy to protect the teachers so that teachers don't
have to be afraid of stepping in to stop the violence. Teachers need to be rewarded from

[24:30–25:00]
that and we need to support them more with this this policy this these rules they have to change
they cannot stand we need a new rule book next year you need an official you need with the with the
um rules in the discipline you also need to add an official rules of engagement on what to do when
situations occur so for example at Taylor High School when a female was assaulted by a football
player she went to the teacher a long-term sub who had been there all year

[25:30–26:00]
for help. What the teacher should have done was stayed with the victim and ordered one of the
spectating and videotaping teens to go grab help. Ms. Train, I want to stop you for one second and
let's not get into specifics identifiable information about any student or alluding to any
particular student. Fair enough. Fair enough. So what what should have happened and what needs to
happen in the future in these situations is there needs to be a plan of action so that the teachers
can stay and do the right thing and so that our children can get help.",0,5,0
12,0:26:00,0:28:00,"[26:00–26:30]
Moreover, anytime a family wants to spread the truth about a situation and wants to make parents
aware of it, they need to not be silenced over it. They need to not be silenced online in another
means when they're just trying to educate other parents on something that happened. Without going
into specifics, I will say that unfortunately the district right now, even though we love the
district, they do have a reputation in the media and in other outlets of being a district that
covers things up and doesn't protect the children. And so I'm asking you to change.

[26:30–27:00]
the policy and open a new chapter, start being truthful about this situation, undo the punishments
for the current victim at Taylor High School, and become known as the district. Thank you. Thank
you. And again, I just want to reiterate uh in discuss we're discussing policy, not specifics, uh,
that's identifiable with regard to a specific student or students in the in the district.

[27:00–27:30]
if we could. And that's what the the thing that I read earlier. Uh the next uh speaker is Danny uh
Gianfrancesco followed by uh Brooklyn Gianfrancisco I'm gonna have to talk fast my name is Danny
Gianfrancisco and I'm here because of a video that shows my daughter being brutally assaulted. Okay.
Sir sir uh I I I want to make sure that you stick to

[27:30–28:00]
talking about policy, not about the specific incident or particular people or particular people.
Okay, let's talk about um how you handled this. Mutual confrontation. I was told that this incident
was a mutual confrontation, but one student never hit the other. There's a video out there that
shows proof that this one student was assaulted, physically assaulted, and who I talked to did not
accept the video. Assistant principals, cops, I've been everywhere. Um",0,5,0
13,0:28:00,0:30:00,"[28:00–28:30]
Um after talking again, I just wanna I just want to caution you we're not evaluating the that
specific instance here. This needs to be we're not addressing a specific discipline. Okay, how about
this? I filed public information request the day after it happened. Three weeks later, instead of
transparency, I received two documents. A useless, heavily redacted report of which I've given you
all a copy, and it claims to be the offense offense report. But the only thing reported on these six
pages is my name and address. Everything else is redacted.

[28:30–29:00]
The other document, a letter written by the attorney, uh written to the attorney general from the uh
KISD attorney uh I'm sorry, Gretchen McCord, in which she seeks permission to deny me access to all
other evidence and material related to my request, such as body cam footage, statements from
witnesses, the video from the hallway. I've been to Harris County Sheriff's Office, district
attorney, constables, everybody refers me back to KISD police who have the jurisdiction and refuse
to allow me to press charges.

[29:00–29:30]
Do you know how it what it feels like when people ask me why haven't I pressed charges against the
student who assaulted my daughter? How can I when the very system that should support me is actively
working against me? I've tried everything, and yet here I stand still fighting for basic
accountability, and the district continues to prevent me from getting it. The policies of this
district are not on the side of parents. They're designed to protect the district. The staff at
these schools make decisions under the blanket of confidentiality, and parents have no recourse.
We've all seen the video, A Clear Assault.",0,5,0
14,0:30:00,0:32:00,"[30:00–30:30]
I demand that the investigation be reopened and the video evidence be considered in conjunction with
the district's definition of assault and the policy stating that physical contact only becomes
mutual if one being assaulted retaliates. Contrary to what was initially told, the person in this
video didn't have a chance to defend herself or retaliate. I demand access to the evidence that led
to the conclusion of mutual confrontation. I'm not going away. I will not be bullied by KISD to be
silent. The district should allow me

[30:30–31:00]
Me the evidence of why this is not an assault. This is basic common sense. This isn't just about my
daughter, it's about every parent who trusts schools to protect their children. The more you fight
us, the bigger. Thank you.

[31:00–31:30]
Hi, my name is Brooklyn Jan Francesco, and as a young woman, I feel as if young girls should not
feel afraid or go unheard when speaking on uncomfortable topics like sexual harassment or violence.
Violence should not be labeled as mutual when a male student slaps a female student and the female
student seeks for help from the teacher and is ignored. I'm becoming uncomfortable to go to school
because um because I have um I feel uncomfortable as if I have a target.

[31:30–32:00]
on my back due to my dad and I trying to get justice for what's clearly an assault. I'm receiving
dirty looks from staff and students, and I don't feel as if this is a safe environment for me
anymore. What message are we sending for everybody following this topic? Are we saying that it's
okay for a male athlete or any male to assault a female student and that the school punishes both
parties equally? What happened to me on March twenty fifth was clearly an assault anywhere else
except my school. The grocery store, gas station, or street corner. The person in this video
punching, slapping, and laying on top of me should be in jail. Thank you.",0,5,0
15,0:32:00,0:34:00,"[32:00–32:30]
Thank you. Kelly Hamilton, followed by Ken Smith. Well, I'm going to give you all a little break
from all the heavy, and I have a quick solution for me. Good evening. I'm Kelly Hamilton, and I am a
teacher and a member of the t uh Texas AFT. I spoke to you in March about the teacher planning time,
and I want to start by thanking you for.

[32:30–33:00]
having a committee to address the issues. And on behalf of my fellow AFT teachers, we are requesting
an update on the progress made. We'd also appreciate a second committee hearing formed, one that
includes teachers from elementary, junior high, and high school. It's important to us that district
administrators on the committee are working alongside of teachers to find solutions. We appreciate
the two principals on the committee that are focused on solutions, and they've committed to
increasing their planning time next year and adjusting their schedules to protect the planning time.

[33:00–33:30]
However, many teachers are required to attend two mandatory team planning sessions each week, which
makes it difficult to protect and safeguard that planning time. We need to know that concrete steps
will be taken to protect our planning time moving forward. Board members, I want to remind you that
high quality educators are leaving KDISD for neighboring districts, some that are many that offer
more planning time and prep time for teachers. For several months now, my fellow AFT teachers and I
have suggested a no cost solution make the mandatory weekly team.",0,5,0
16,0:34:00,0:36:00,"[34:00–34:30]
planning sessions optional. These mandated meetings are often unproductive and could be better
managed if the teachers led them. Trust me, when given the freedom, we will continue to plan
together. Teaching is too challenging to not have that collaboration. The difference is when the
sessions are teacher driven, they become more meaningful and effective. The district cannot continue
to mandate weekly team planning sessions without violating the teachers' rights. We have solutions,
and parents we are asking for those.

[34:30–35:00]
solutions through a committee meeting so that we can prepare better for the students. We'd like the
committee to include a representative group of teachers who are taken seriously and whose
suggestions are valued. Tonight I ask you to take a stand for improved working conditions for
teachers, which will lead to better student outcomes. Thank you. Thank you. Ken Smith, followed by
Todd Kershoff. Hello, uh I've had to rearrange my talk a little bit because of the not being able

[35:00–35:30]
to name students, but uh when my wife and I first moved to Katie or to Houston, we moved to Katie
because of Katie ISD, we heard how good the district was. Um to me, a good school district uh would
show empathy and compassion when they found out a student has a chronic illness. And we have
experienced the exact opposite. Um the child in question uh has missed 25% of the classes this year
because of a chronic illness he's had for two years. Uh we've been trying to figure it out and
trying to get pinned down exactly what's going on, but we've just not been able to. And all we've
gotten is flat.

[35:30–36:00]
All we've gotten is FLAC and letters from KDISD threatening his grades, which he cares greatly
about. I'd understand it a little bit more if he was suffering or not doing well in school, but he
just got invited to join the honor or the Honor Society, and he has all A's. So it's not a great
question of grades or a question of competency. It's just that he's sick all the time and we're
trying to figure it out. We see we have a note with the school from a specialist that says he's
under his care and we're trying to figure out what's going on, but we get letters every other week
threatening his grades, and now he's at a point where we've been told by the A.",0,3,0
17,0:36:00,0:38:00,"[36:00–36:30]
We've been told by the AP that he may lose credit for this year. He he'll move on, but he'll lose
credit and he really cares about his grades. And it's also gotten to a point where again they have a
letter at the school for the student saying he's under care for a specialist, and sh the AP wanted
us to go to the specialist to say that he can go to school nauseous and with diarrhea, like just
stopping short of offering a colostomy bag. And it's just absolutely ridiculous. He wakes up sick,
vomiting with diarrhea, and we're getting pressure to send him to school like that. He has all A's,
mind you.

[36:30–37:00]
So I I don't know how on earth it's possible that I'm getting we're getting this treatment, but we
are, and we can't get around it. We can't avoid it. Finally, one thing about this illness that's
kind of ironic is uh stress actually can trigger it. So we found that when when it gets a bug, it
triggers, but stress also can trigger it. So getting letters nonstop from KDISD saying, hey, we're
gonna fail you, or you're not gonna get your grades, you're not gonna get your high school credit
for the courses you've been working on all year, uh turns out it's pretty stressful for the kid. So
it's not conducive to

[37:00–37:30]
getting him healthy, which is the thing we should be focusing on. We should not be sitting here
losing our minds over whether or not he's attending school 75% of the time when he has all A's. So I
don't really understand what we're supposed to do when we're dealing dealing with specialists and
really should be focusing on getting him healthy, but then we're getting threats all the time and
getting no help whatsoever from the school. So I just really think this policy sh needs a change. We
have a letter from a specialist saying he's got a condition that we're trying to figure out and
that's stressful by itself. But having the school continue to threaten its grades is just
unacceptable. I really

[37:30–38:00]
really think you need to do better on this. So thank you. Thank you. Thank you. Todd Kershoff. How
are you doing? My name is Todd Kirkoff. Good evening, members of the KDA ISD board, uh, faculty
parents, and concerned members of the community. I come before you as not just a concerned
individual, but as someone who deeply believes in the values and justice of equality and student
safety. A recent incident at Taylor High School has shaken those values, a violent assault carried
out by a male student against a female student.",0,5,0
18,0:38:00,0:40:00,"[38:30–39:00]
has raised critical questions about how we respond to violence and whether we are truly upholding
fairness in our schools. Let me be clear: violence is never an acceptable answer. Um, every student
deserves to learn and grow in an environment free of from fear and free from threats and
intimidation. Right and wrong should never be clouded, though. Uh, and it looks like we're clouding
this. Uh, you guys are our leaders, you're you guys are are here to help protect these children, and
I don't think you're doing it. Yet the decision uh to label this assault as a mutual combat and deny
the victim's family the opportunity to press charges since a dangerous

[39:00–39:30]
The dangerous and unacceptable message. It suggests that violence between students, especially
violence from males towards females, can be downplayed nor excused. This is not morally wrong, not
only morally wrong, but it is deeply damaging to the trust our community places in this district.
That's y'all. Okay? Even more troubling is the possibility that the bias, uh there's a bias that may
have influenced this, and there's racial now tensions. It's because I don't think this was handled
correctly. If you handled it correctly and had transparency, I don't think you'd be having these
problems. And like Danny said, we're not going away. Uh our community.

[39:30–40:00]
Our commitment must be equally, not uh equality, not just words, but in actions. We need leadership
that reflects fairness and prior prioritizes the safety in every student without expectation. We
cannot afford to ignore or excuse behavior simply because addressing it is uncomfortable or
complicated. I urge the school board and administration to re examine this case carefully and
objectively. Consider what message your actions are sending, not just to those directly involved,
but to every student parent in this district. Are we setting a standard that protects all students
equally? Are we truly holding ourselves accountable to the principles we claim?",0,5,0
19,0:40:00,0:42:00,"[40:00–40:30]
to uphold. Let us remind uh remember we are we are here to serve, protect, and uplift every student.
That starts with ensuring justice is not selective and that safety is never negotiable. Y'all need
to do your jobs. Thank you. Thank you. This concludes the open forum portion of our meeting. The
board will now convene and close meeting as authorized under section 551.001 of the Texas Government
Code. For the following purposes, Texas Government Code 551.01.

[40:30–41:00]
551.071, 551.074, and 551.129. The board will now reconvene an open meeting. Today is Tuesday, April
22nd, 2025, and the time is 6 15 p.m. On behalf of my colleagues, I welcome everyone to this
evening's regular board meeting. Each board member received the agenda and documentation for this
meeting.

[41:00–41:30]
Implementation for this meeting on Thursday, April 17, 2025, the Board will receive information and
recommendations from staff, administration, and superintendent on these agenda items at tonight's
meeting. Board members will be able to ask questions, receive answers, and should be prepared to
take action. The board has just reconvened from closed meeting. In accordance with Chapter 551 of
the Text Government Code, any action arising from discussions in a closed meeting must be taken in
an open meeting.

[41:30–42:00]
Item 8.1. Board Trustees, do I have a motion on this item? Mr. President. I move that the Board of
Trustees I move that the Board of Trustees approves for employees who are being recommended to
receive one year employee probationary contracts, one year employee dual assignment probationary
contracts, one year employee term contracts, one year employee dual assignment term contracts, and
two year employee dual assignment term contracts for the 2025-2026 school year with the",0,5,0
20,0:42:00,0:44:00,"[42:30–43:00]
exception of those employees who have resigned or a decision has not been made at this time
concerning being recommended for a contract for termination or for proposed non-renewal, which will
occur at a future meeting. Thank you. Do I have a second? Second. We will now proceed to vote. Board
members please record your vote on the screen via your keypad. The motion passes 7-0. Now we move on
to

[43:00–43:30]
uh 8.2. Trustees, do I hear a motion on that item? Mr. President, I move that the Board of Trustees.
I move that the Board of Trustees approves to give notice of the proposed non-renewal of the
employee term contract for Robert Miles at the end of 2024-2025 contract period. So I have a second.
Second. We will now proceed to vote. Board members, please record your vote on the screen via your
keypad. The motion carries.

[43:30–44:00]
70. We'll move on to 8.3. Do I hear a motion on that item? Mr. President. Ms. Demy? I move that the
Board of Trustees approves the termination of probationary employee contracts Ilsa Gonzalez and
Frank Ides at the end of 2024-2025 contract period. Do I have a second? Second. It is moved and
seconded. The Board of Trustees approves of termination of probationary employee contracts Ilsa
Gonzalez and Frank Ides at the end.",0,5,0
21,0:44:00,0:46:00,"[44:00–44:30]
Frank it is at the end of 24 25 contract period. We'll now proceed to vote. Board members please
record your vote on the screen via your keypad. The motion carries 7-0. We will now move on to the
uh report on the board member requiring continuing education. And you have the report you have the
report in front of you. And I understand that uh that uh

[44:30–45:00]
based on a uh recent certification or certificate that was just completed uh in the last few days,
that uh everybody has completed their uh 100% of completed their uh training as required, the
continuing education report. We'll now move on to uh 9.2, which is uh gifted and talented advanced
academic stuff.

[45:00–45:30]
Advanced Academic Studies. And the board presenter is Danielle Sanchez, Director of GT and Advanced
Academics. Welcome. Good evening, President Perez, Board of Trustees, and Dr. Grigorski. I'm happy
to be here this evening to share some of our work in GT and Advanced Academics. GT and Advanced
Academics supports students in grades K through twelve in four areas: gifted and talented services,
dual credit, academic competitions, and in coordination with secondary curriculum and instruction,
the CAP and AP programs. This evening

[45:30–46:00]
an overview of each of these areas will be provided. KDIC currently serves 8,882 students through
gifted and talented programming, roughly 9% of the district's population. This slide shows some key
demographics within the GT population. It's important to note that GT students may also receive
services in other areas. 14% of our GT students are classified as emerging bilingual, 3% receive
special education services, and 4% are served through Section 504. Additionally, 14% of our GT
students are classified as",0,3,1
22,0:46:00,0:48:00,"[46:00–46:30]
economically disadvantaged. GT screening, identification, and services are governed by the Texas
State Plan for the Education of Gifted and Talented Students. This document establishes the state's
expectations for GT services throughout Texas. One such requirement is the collection of both
qualitative and quantitative data when making placement decisions. In KDISD, we collect feedback
from teachers and parents and use this qualitative data in coordination with ability, achievement,
and intelligence testing to arrive at a placement decision.

[47:00–47:30]
The data is then analyzed by the campus placement committee, which consists of a GT facilitator, a
campus administrator, and a counselor. Elementary students with five or more positive measures and
secondary students with three or more positive measures are identified for GT services. In
elementary school, students identified for GT services participate in the challenge program, a full
day pullout program through which a GT teacher engages students in project and problem based
learning. Students focus on real world content applications and explore careers in their field.
Challenge utilizes

[47:30–48:00]
a five-year curriculum cycle and culminates with a GT Expo. The curriculum cycle comprises five
overarching themes and three units within those themes. This year, our challenge students are
studying technology, medicine, and law, and the innovations within each unit. Next year, they will
study geological forces, neuroscience, and oceanography. GT Expo allows challenge students to
showcase their learning throughout elementary school. In Challenge, students create and maintain a
digital portfolio of their knowledge.",1,5,1
23,0:48:00,0:50:00,"[48:00–48:30]
and end the year by presenting a chosen topic at an event attended by friends, family, and the
school community. Secondary GT services are provided through a specific subject model in which
students are identified in one or more core subject areas. GT students are clustered in CAP GT or
APGT courses with teachers who have completed an initial 30 hours of training in GT education and a
six hour annual update. The curriculum meets the needs of gifted learners through the
differentiation of content, process, product, and learning environments.

[48:30–49:00]
And learning environment. Each secondary campus staffs a GT facilitator. This person is responsible
for compliance tasks mandated by the state and advocates for gifted students. The work of the
facilitator is outlined in the Texas State Plan. The GT facilitator monitors the academic
performance of GT students, facilitating interventions and differentiation as needed. They also
support the course selection process for GT students and host various workshops and activities
throughout the year. The photos on the following few slides showcase some of these events and
activities.

[49:00–49:30]
Activities. Beginning in sixth grade, students can enroll in the Katie Advanced Program or CAP
courses. These open enrollment courses help develop critical thinking, reasoning skills, and
academic stamina. CAP courses are available at all junior high and high school campuses. They're
designed to prepare students for advanced placement or AP courses in high school. AP courses are
also open enrollment and available for students beginning in ninth grade. They are college level
courses.

[49:30–50:00]
taken in high school, designed and administered by the college board. Students who score three or
better on an AP exam generally receive college credit, though specific policies do vary by
university. AP courses allow students to save time and money by earning college credit while still
in high school. KDISD students have a history of success in AP courses and exams. As you can see
from the chart, our AP enrollment has steadily increased over the past five years. But what is
particularly notable is that we consistently see high levels of success on the AP exam.",0,5,0
24,0:50:00,0:52:00,"[50:00–50:30]
On the AP exams as the program expands. Over 12,000 high school students are currently enrolled in
at least one AP course for the 24-25 school year. Six KDISD high schools were recognized on the 2024
AP School Honor Role. The AP School Honor Role recognizes schools whose AP programs are delivering
results for students while broadening access. Schools can earn this recognition annually based on
criteria that reflect a commitment to increasing college-going culture, providing opportunities for
students to earn college credit, and maximizing college readiness.

[51:00–51:30]
In college readiness. Another highlight of our AP program is the annual AP Research Student
Conference. This event is an opportunity for students enrolled in AP research to share their work
with peers, teachers, district staff, and community members as they work to complete a final paper
and prepare for their oral defense, both of which are elements of the AP exam. Over 300 students
gathered at Legacy Field House at this year's event to share their original research. AP Research is
one of two AP capstone courses. Students who earn a three or better on

[51:30–52:00]
both Capstone exams and four additional AP exams receive an AP Capstone Diploma. The class of 2024
saw 21,000 Capstone Diploma recipients in the U.S., 178 of whom were KDISD graduates. Another
opportunity for school for students to earn college credits in high school is through dual credit.
KDISD partners with Houston Community College to offer dual credit courses. These courses utilize a
curriculum developed by HCC and may be taught by a visiting HCC professor or more.",0,5,0
25,0:52:00,0:54:00,"[52:00–52:30]
commonly, an embedded KDISD instructor. Embedded faculty have completed at least 18 hours of
graduate work in their field of study and are employed by both KDISD and Houston Community College.
Dual credit is generally transferable to public colleges and universities in Texas. The $65 tuition
allows students to save time and money by earning college credit while still in high school. KDISD
offers 45 dual credit courses beginning in ninth grade. Courses are available in all four core
areas, as well as speech.

[52:30–53:00]
Spanish, fine arts, education, computer science and application, and workforce credentials. In the
23 24 school year, KDISD students completed over 16,000 college credit hours through dual credit
coursework. This is a direct testament to the strategic focus on increasing dual credit enrollment
and the number of embedded faculty in our district. Over 2,000 students are currently enrolled in at
least one dual credit course. It's important to note that dual credit opportunities are not limited
to students bound for a four year college. Together with

[53:00–53:30]
the Career and Technical Education Department, we connect students with real world opportunities
through dual credit. The young educators, medical assisting, and real estate programs exemplify this
goal, allowing students to earn an associate's degree or career credential while still in high
school. Finally, I would like to highlight some of our students' success in academic competitions.
Over 120 KDI Steve teams competed in the Destination Imagination Gulf Coast Regional Tournament this
year. Of those, 26 advanced.

[53:30–54:00]
to the state level and 12 advanced to the global finals, which will take place in May. After
advancing at a highly competitive UIL Academics District meet, dozens of KDISD students will
represent the district at the regional meet on April 25th and 26th at Foster High School. Science
Olympiad is a team based STEM competition for middle and high school students. This year, four
junior high school teams and five high school teams advanced to the state tournament at Texas AM
University, where Beckendorf Junior High placed first.",0,5,0
26,0:54:00,0:56:00,"[54:00–54:30]
First. Three additional KD teams placed in the top five. Academic decathlon teams are comprised of
students from all grade point averages. This year, six KDI Steed teams advanced to the state finals,
and Taylor High School placed fourth overall. This is an overview of the work supported by GT and
Advanced Academics in GT services, CAP and AP coursework, dual credit, and it and academic
competitions. I'm happy to answer any questions you have. Thank you so much. Thank you. Really
impressive. Thank you. Trustees, uh questions?

[54:30–55:00]
Mr. President. Okay. That is so interesting. So I was actually a GT test doctor one year. I love
doing that. But one of my questions is is the last time you you uh test to get into the program in
fifth grade? Or you can keep continue because I only did elementary, so yes. Um the state allows
students to test until the eleventh grade. Okay. Because there's something that's kind of confusing,
I think, for people. For example, I have a daughter who was in AP classes, but she wasn't in GT. But
it was kind of

[55:30–56:00]
in high school it's is considered GT, right? If you're in the AP class? Um yes and no. Um the the GT
services at the secondary level look a little different. While our AP courses are open enrollment,
um there are certain courses that are prescribed as part of the GT track. So some of them are
required by our GT students, but any student in KBIC is welcome to enroll in an AP course. Because
there's not really a differentiation, it seems like, in high school between a GT kid and a kid
that's an AP, whereas there's more differentiation, especially in elementary.",0,5,0
27,0:56:00,0:58:00,"[56:00–56:30]
and even in junior high. But in in high school, they're kind of all it seems like they're all just
kind of clumped together and if they're all in AP classes and they don't really know who each other
are, you know. Yes, ma'am. Not that it's that important, but I'm just saying Yes, ma'am. The um the
service model does look a little different at high school. Um that is something that I'm personally
working on as the new director of GT and Advanced Academics. Um we have a GT facilitator on each
campus who works with the teachers and um the GT students there um to kind of enhance the

[56:30–57:00]
cer to make the services a little bit more tangible. But I we that's feedback that we hear from the
community often. That our stud our community really loves our elementary program and it doesn't
quite look the same at the secondary level. Right, and that's something that I've always heard too,
just as a mom, and my kids are older now, but I've always heard that what what's what's the
difference? You know, just because they're in GT, they're not getting anything special in high,
especially high school. So I'll seem like junior highs different. Some do more and some do less, it
seems like different junior highs. There is some variability by campus. I will tell you that um
there are certain requirements.

[57:00–57:30]
placed on GT teachers by the state. So, in order to teach a GT course, AP or otherwise, the teacher
does have to have 30 hours of specific training in educating gets the students, and they have to
maintain a six-hour update each year. So they have that specialized training that allows them to
provide some differentiation and some depth and complexity in the instruction to kind of meet the
needs of those students a little differently. So the last question I have, and thank you for letting
me go on. But the 8800 students, does that include all of your AP and your dual credit kids included
with the

[57:30–58:00]
kids who've tested into GT because especially dual credit isn't GT. Correct. Um so no, that 8800 is
just students who are identified um for GT services. I see. Yep. Thank you, thank you. Of course. Of
course. Um, real quickly, can we go back to the um GT facilitator role? Yes. Can you give me uh or
give us an idea of what some of their job duties are? This is a new I I don't is this a new thing?
No, ma'am. This is not a new role. Um, but I can give you a little bit of information about",0,5,0
28,0:58:00,1:00:00,"[58:00–58:30]
what they do. So primarily the person is responsible for compliance tasks that are outlined in the
state plan. These include all of the screening and testing requirements that are conducted at the
secondary campus. They manage all of that. They're also there to support GT students academically
and socially as well. So what that might look like will vary by campus, but generally our GT
facilitators check grades on our GT students every week. They pull in those that they see are
struggling, they have a conversation with them.

[58:30–59:00]
Maybe they serve as an advocate or a link between the student and the teacher or the student, the
parent, and the teacher, just kind of as a mediator in that way. But they also facilitate workshops
on our campuses. One big topic that we've received request uh requests for is time management
skills. So they might pull a small group of students who are struggling with study skills and work
through those items with them. Oh, that that's very smart. What do the do these facilitators also
have a full schedule of classes that they teach too, or is this their only role? No, ma'am, this is
their role, but they serve multiple.

[59:30–01:00:00]
campuses. Oh, okay, okay. So this is a multi, they have like a number of campuses that they're they
assigned different, like if one facilitator is the secondary, so is this all just gene do they only
get junior highs or they get junior highs and like all the feeders, or how does that work? Um
they're mixed. Um we have s we next year we will have sixteen secondary facilitators um and they
will serve all of the junior highs and all of the high schools. Okay. Do some of them do both? Yes.
Okay, okay, got it. And then can we go to",0,5,0
29,1:00:00,1:02:00,"[01:00:00–01:00:30]
Slide six. How do we choose our curriculum for these units? Oh, great question. So our curriculum is
developed by an in house group of teachers. I was told the other day by a teacher who's taught for a
very long time here that the curriculum was actually developed in 1990, and we have continued to
refine it every year. As you can imagine, since we only teach one unit every five years, technology,
for example, the last time we taught the technology unit was five years ago. I mean, the

[01:00:30–01:01:00]
the amount of revisions that had to take place to be able to teach technology this year was
incredible. So we're constantly looping back through to to update it. Well I just want to say kudos
to all of you and our in-house GT curriculum writers because that is amazing and it's awesome that
we can create it ourselves. Yes. And not have to go out out and outsource that and that's allowing
them to use their skills and I think that's great. And then on slide 14, I just wanted to ask on the
total number of exams on this chart.

[01:01:00–01:01:30]
Um is that total exams in of KDISD students? So the total number of exams that like in the and let's
look at the most recent data, 23, 24, that 21,000 number. Yes. That's 21,000 exams taken by those
9,500 students. So each student may take more than one AP exam. Got it. That's what I was thinking,
but I just I w I was wondering how we got the 85%. So perfect, that makes sense. Okay, thank you so
much. I'm excited about your program.

[01:01:30–01:02:00]
Thank you. Thank you for all that you're doing to support it. Of course. My pleasure. Other
questions, trustees? Yeah, Mr. President. Ms. Costella. Thank you so much for the presentation. I
have a specific question on dual credit. Yes, ma'am. On slide 18. You mentioned that we we could
have an HCC professor versus an embedded KDISD instructor. You said the majority are KDISC
instructors, but we do have some HCC professors.",0,5,1
30,1:02:00,1:04:00,"[01:02:00–01:02:30]
Some HDC professors, could you talk to the numbers more specifically? Or I would assume the
preference would be to have a KDI SD instructor, if at all possible. Yes, definitely. So we have
strategically focused on growing the dual credit program over the past several years, and part of
that focus was utilizing some of our ESSER funding to allow some of our teachers to go back to
school and obtain credentials needed to teach dual credit. Most of our campuses utilize embedded
faculty members. It's obviously preferable for a number of different

[01:02:30–01:03:00]
reasons. But there are some areas in which we need the expertise of a college professor, and so HTC
will provide that person for us. Is that something, thank you? Is that something we um try to fill
every year, you know, to send that out to teach whoever wants to get certified, please? Um, or how
does that work? Yes, ma'am. Um we work with our associate principals to advertise that as an
opportunity. Now the funding is no longer there because it was ESSER funding. True. Um, but we do
advertise those positions on our high school campuses. So the teacher at this point would need to
pay for that certification? Um it's a graduate course.

[01:03:00–01:03:30]
uh they they need a master's degree and generally eighteen hours in the subject that they'll teach
right okay all right all k what what subjects are the ones that we need more KDISD No I I don't have
that in front of me um it varies based on campus. Okay. I can get you that information. Okay. I'd be
curious. Yeah okay thank you question do we have uh is GT available in every school on every campus
or do some kids have to travel? We do not require any traveling. Okay what about challenge in
elementary school same thing it's all available in all schools

[01:03:30–01:04:00]
Available in all the schools. Okay. Yep. Okay, that's great. You know, I love this dual credit and
the associate's degree. All that that's a that's great. Um great for parents uh as far as the dual
credit and saving some money there, but also just the opportunity it provides the kids and the
different pathways that they have is outstanding. Very important. Great. Well thank you. Any other
questions? Thank you very much. Thank you.",0,5,0
31,1:04:00,1:06:00,"[01:04:30–01:05:00]
We will now move on to the um consent agenda. The consent agenda shall include items that are
discussed and considered at the previous work study board meeting, as well as items of a recurring
nature. The board shall be furnished with background material for each item. Consent agenda items
shall be grouped together under one action item. All items shall be acted upon by one vote without
separate discussion, unless a board member requests that an item be withdrawn for individual
consideration, and as per uh B e legal, B e local.

[01:05:00–01:05:30]
So, board members, are there any items or any that you would like to remove from the consent agenda?
I will now entertain a motion for the consent agenda. Mr. President. I move that the Board of
Trustees approves the consent agenda for items 10.1 through 10.16. I have a motion. Uh do I have a
second? Second. It is moved and seconded that the Board of Trustees approves the consent agenda for
items 10.1.

[01:05:30–01:06:00]
Items ten point one through ten point one six. We will now proceed to vote. Board members please
record your vote on the screen via your keypad. The consent agenda carries, passes by a vote of
seven zero. We will now move on to uh 11, which is uh 11.1 uh board committee updates. Um we did
have a uh",0,5,0
32,1:06:00,1:08:00,"[01:06:00–01:06:30]
work study meeting the week with the with uh Mr. Smith and his staff um right before the work study
meeting and uh uh which was last week, and basically there wasn't really much in terms of uh any
budget updates, if you will, to our budget as far as our budgetary process. But what we did do is
review the financial reports that were presented at the work study meeting as well as the ones that
we that we just approved.

[01:06:30–01:07:00]
Um I also uh want to mention that um there was a meeting on the teacher planning, uh something that
we wanted to follow up on and uh as a result of the uh that topic being on the agenda that we put on
the agenda as well as the uh the input that we'd received from teachers uh regarding planning time
and so there was a meeting um that was uh that was held I believe about April eighth. Um and uh uh

[01:07:00–01:07:30]
I believe present were uh Miss Kazella and Ms. Teamy, and also uh Ms. Champagne was there. The three
of you it's not officially a committee, so to speak, but it was a meeting with uh staff and uh
principals and teachers and so on. So uh I've asked uh Ms. Kazella to kind of report on that on that
meeting. Thank you, President Prez. Um thank you very much for acknowledging the teacher planning
topic and the opportunity to try to help the situation and make it better. I did prepare something
so I don't

[01:07:30–01:08:00]
Don't ramble on. I think most of us understand that helping our teachers is an area where we can
find common ground and work together. If we want a high performing district and to retain our
teachers, we need to take this topic seriously. We want our teachers to be happy and to alleviate
unnecessary administrative burdens whenever possible. Like President Perez said, on April 8th, we
had one very informative, focused meeting on teacher planning time. It was a collaborative
discussion with great idea sharing. Those in attendance were two wonderful teachers, two wonderful
principals.",0,5,0
33,1:08:00,1:10:00,"[01:08:30–01:09:00]
Principals, Rassan Smith, Assistant Superintendent of School Leadership, Dr. Gwynne Coffey,
Assistant Superintendent of Special Education, Justin Graham, the District's Counsel, Dr. Christine
Kaskey, Chief Academic Officer, and our Superintendent Dr. Grigorski, along with trustees Don
Champagne, Amy Teamy, and me. We heard a lot of wonderful creative approaches that some
administrators are using to help teachers get the most out of their planning time. These excellent
ideas were shared by the principals and teachers who were in attendance. The ideas that

[01:09:00–01:09:30]
could be shared across the district were captured, and they include the following Increase planning
time from 45 to 50 minutes unless there's an exception that needs to be considered. Assign at least
one day a week for each teacher that is protected and cannot be used to schedule ARDs or PLC unless
there is a severe conflict. When attending PLC meetings, APs and principals can focus on serving as
coaching participants rather than micromanaging supervisors.

[01:09:30–01:10:00]
Adjust the PLC meeting model so that APs and principals can pop into classrooms more rather than
attend every PLC meeting. Allow team planning in subject area hallways whenever possible. Focus on
fairly allocating the number of RDs across all teachers as much as possible. Consider hiring a lunch
monitor and/or use lunch monitor volunteers so that teachers don't get in get pulled in for this.
Use a quarterly check-in on teacher planning time to see.",0,5,0
34,1:10:00,1:12:00,"[01:10:00–01:10:30]
if any tweaks are needed to ensure the time is being respected and well used. Foster idea sharing
among principals on teacher planning time, including the challenges faced and different solutions
employed at our campuses. So those were the ideas that we concluded with. It was acknowledged that
campus principals are faced with an incredibly challenging task when putting together the master
schedule each school year. The demands on the schedule are high, mostly due to the needs of
increasing SPED population and state.

[01:10:30–01:11:00]
and federal requirements. It was also acknowledged that while there is no magic bullet, and our
district has many varied campuses that present unique challenges, we do have principals that are
figuring out ways to honor teacher planning time. While at the same time, we also have the
opportunity to make improvements at other schools. It's our hope that with good leadership and
dialogue, the ideas used at successful campuses will be leveraged across all of our schools so that
teacher planning time is improved for all of our teachers district wide.

[01:11:00–01:11:30]
and that a district culture and practices are developed that view teacher planning time as sacred
and respected. So I recommend the board go forward checking in with Dr. Grigorsky on this topic
throughout the summer to see what specific progress can be made. Do you have input on any next steps
in particular? Well, from the from the things I've heard, I've shared with

[01:11:30–01:12:00]
the board over the course of the last year of what we've been talking about with this. It's great
that the committee or the folks that were in that committee support the things that you've shared
there, Ms. Kazella, because those are things that are afforded our campuses right now. Everything
you've mentioned there is currently in place, with a few minor exceptions, and I'll speak to those.
But I I want you guys to know that all of our principals have the autonomy to do these things. I've
asked them for over the course of the last year to work with our assistant soups, to work with their
campuses, work with their teams to come up with",0,5,0
35,1:12:00,1:14:00,"[01:12:00–01:12:30]
these creative things, and if it fits the campus, they should be doing it. Anything that works for
that campus, they should. And all those things are going on in different parts of the campus or
different parts of the district in different ways. The one on there that I thought was relatively a
new or different idea was uh can our can our campuses share best practices or things they're doing?
Um yeah, that's something I have asked um Mrs. Hack to do in the future, not right now as we're
trying to wrap up the school year, but as we get towards the end of the school year and we're
developing schedules for next year, could you?

[01:13:00–01:13:30]
Could she create some kind of system, whatever way people use nowadays to communicate, other than
having meetings? I didn't tell her to create meetings for principals, but some kind of share board
on there where our principals could go in by level, elementary, junior, and high school, and on this
share board share ideas of best practices, and what are they doing to kind of work on that? And I
think that'll be good for principals to share best practices. But like I said, all of those things
that we've been talking about, any principal can implement those immediately. Thank you. So I think
the idea would be

[01:13:30–01:14:00]
be since school is about over about out is that we circle back up some time in the summer uh to
follow up on some of these things prior to the uh to the next school year. Mr. President. Uh Ms.
Teamy? I just want to say thank you, um Dr. Grigorsky, for suggesting that and thank you, Ms. Hack,
for being willing to possibly put that together. I think that might be a great resource for our
principals to to use that that sharing. Because I we heard some so many great ideas from just two
principals.",0,5,0
36,1:14:00,1:16:00,"[01:14:00–01:14:30]
Principles and they were working overtime to support their teachers. So I'm excited that that could
be shared across the district. Thank you. Mr. President, uh, Ms. Fox. I have a few questions about
the meeting, if I may. Go ahead. I appreciate the update that answered some of my questions. I was
surprised, Mr. Press, that you weren't in that meeting because you've kind of been in all the other
committees and things. Why did you choose not to be a

[01:14:30–01:15:00]
part of this one? Well I thought that uh the you know uh Ms. Guzella and Ms. Teamy had a lot of uh
uh interaction and uh thoughts about this area and and by me not being there Miss Champagne could
all somebody else could join in as opposed to me. Okay. Because I know that there was a and also Ms.
Teamy has, you know it was a former teacher, Ms. Guzella's uh sub for a long time and so you know
they uh this was something that you know has been of real interest to us.

[01:15:00–01:15:30]
Okay. You know, in terms of like addressing this teacher planning time based on feedback we've been
getting from teachers and we want to make sure and follow up on that and and uh pursue it. I know
that you've had a lot of um dialogue about this and and some you know been a concern of yours. Um I
know there was a secret meeting with a small group of teachers and I heard they did an internal
survey not it wasn't a secret meeting it was uh a meeting with teachers. Uh that the superint you
didn't tell the superintendent about or none of us knew and we didn't get any

[01:15:30–01:16:00]
I was getting getting getting feedback from some teachers. Mm-hmm. Okay. Correct. Did you did you so
they did an internal survey before they met with you and then they did a debrief after they met with
you? Um can all of us have yes, there there is can all of us have that information. What
information? They did a okay. What information are you talking about? No, Mrs. Fox, there was no
survey. I don't know. I've never seen a survey. Never seen we didn't talk about a survey before the
meeting. We didn't talk I never talked to them about a survey after the meeting.",0,5,0
37,1:16:00,1:18:00,"[01:16:00–01:16:30]
I don't know what even I don't know anything about a survey. The teachers did a survey. Okay. And I
don't have anything to do with it. I haven't seen anything about it. I don't know what it looked
like. I don't even know how to. Because this is an agenda item now. Ms. Vaux, I I've never seen any
results of the survey. I did see a copy of a survey that a teacher created to collect data for the
board about teacher planning and

[01:17:00–01:17:30]
prep time. I don't know what happened or the results of that because nobody shared that with me, but
um I don't have a copy of any results. But something was created. Someone told me it was in
preparation for the meeting they had. No. Okay. Well, that's the teacher told me that it was. Okay,
that's not what they're telling me. I met with one teacher. Okay, well then you did meet with them.
One teacher, not a lot of people. Okay, well then that's a secret meeting because you didn't tell us
about that. Okay, go on.

[01:17:30–01:18:00]
Um I also uh so you didn't bring any of that information to this meeting. When you meet with a small
sampling of our almost 7,000 teachers and you met with two, why were there only elementary teachers
and no secondary teachers? Two teachers out of seven thousand. Help me understand the We're talking
about in the meeting that the meeting that uh you all attended, the three of you ladies attended.
Well, I'm not sure if you were there. Maybe you were gone when we had",1,5,0
38,1:18:00,1:20:00,"[01:18:00–01:18:30]
this discussion, but we made it very clear from the dais on the workshop the night of the workshop
that we were going to be focusing at this time on elementary. I made it very clear and I think the
board agreed, so I don't know w why that's a why that's news to you, but it you know that's how it
happened. And then there are 46 elementaries and you chose two teachers. And principals out of
seventy out of 46. We tried to make it we tried to choose teachers that have spoken at board
meetings. That's what that and that's who we met with outside.

[01:18:30–01:19:00]
Mr. Perez and I, people that teachers that have come forward and said that hey, I have a problem, we
need help. That's who from the um public comment um sign in. That's their all of their contact
information is there. So that's how we set up this meeting. And there were more than you read them
and say we want to talk more about what you talked about. Right, right. Because they came to the us
and said this is our community and our community is speaking. And so we wanted to let them we wanted
to know more about what they wanted to see, what their problems.

[01:19:00–01:19:30]
Wanted to s what their problems were. So that's all. And then we only had two at the our April fifth
eighth meeting because we didn't have we needed to be. We already met with others and guessed
information. And we wanted to be constructive. Did you want? Did you bring that information? Yes, we
did. We met we brought it to the workshop and we brought it to the April 8th meeting. Yes. And and
you know, it was uh uh my understanding is that the that meeting the the effort was to come up with
a representative like, for example, a couple of elementary principals, a couple of teachers.

[01:19:30–01:20:00]
I think you had great great. Not a meeting with 80 people, but uh you know, ten people or whatever.
Two. Two two teachers and two principals, and they both uh both principals sound like they have
amazing ideas. I I think the report sounds good. It just is very odd to me that when you gather
input from stakeholders, you hand select very small percentage, a very small amount. You did fifty
teachers for the teacher retention survey, fifty to sixty, and",0,5,1
39,1:20:00,1:22:00,"[01:20:00–01:20:30]
And I I've I've seen the results of that. So there were 50 sixty from from this. Could I ask you? Is
is there so what we're trying to do here is move the ball forward with regard to protecting teacher
planning time. Right. And uh so the the idea that we talked about the work study was to have a
follow-up meeting with a representative group uh of you know sample, you know, teachers, a couple of
teachers that spoke here because we'd heard their concerns. Teachers

[01:20:30–01:21:00]
Teachers spoke here and they spoke at other meetings or prior, as well as making sure that we get
principals and we get, for example, Dr. Coffey, Dr uh uh Ms. Hack, Dr. Grigorsi, etc. have
represented a group of people to pro to provide ideas and to ex have a collaborative effort
exchanging ideas. That's what this is about. I'm not sure why you're concerned, why you why you have
issues with that. Be because it's two teachers and two principals out of thousands.

[01:21:30–01:22:00]
thousands and ask a thousand teachers. Sorry, you go right ahead. No, I mean l let's be realistic.
We're having a a a a a a small meeting, you know, a dozen people, ten people, I don't know, I didn't
count them, uh, to basically get feedback and and just hear what they have to say. Ms. Fox, is there
anything we can do to make you happy ever? Because I feel like you didn't really want to have the
workshop. You were upset that we met with teachers. I don't I don't understand. And now all of a
sudden you're for teacher planning time but before you weren't. So I don't really understand why",0,5,0
40,1:22:00,1:24:00,"[01:22:00–01:22:30]
Why the why the and it feels like you're putting all of us on trial for trying to help teachers. And
I don't I don't I don't understand that because I would think that's something that would be uniting
to us all. Mrs. Teamy, I'm offended that you misrepresent what I say. I am not against teacher
planning time. I I didn't do any of the things you just accused me of doing. I'm not against the
workshop. I'm not against having that meeting. What I don't understand is why you all only you hand
select.

[01:22:30–01:23:00]
who's coming as if you want to I I don't know why you don't want more information. We have an
opportunity to survey every teacher. There also was a group of teachers who had a Google Doc with
submissions and they were unhappy that like we weren't included, so here's a Google Doc, send all
your suggestions and and so I don't know. Did they provide that to you? No, I have not seen that.
But you know what, Miss Fox is you have been critical of our ev of everything. You had a chance to
join the meeting, you did.

[01:23:00–01:23:30]
The meeting, you didn't. So there were three people there. I'm not allowed to join that meeting. You
were at the workshop. You could have asked to join. Miss Champagne asked to join. I just don't I
wasn't at the workshop. I was in surgery. Okay. Well, I'm just saying you could have also asked, you
didn't. You could have joined. I mean, you could have asked to join, you didn't. You could have
asked to meet with have a special meeting, you didn't. And at the work um at the meeting before
that, you did criticize us for wasting administrative teams' time to have another meeting. So I I
don't normally understand which side

[01:23:30–01:24:00]
of the fence we're landing on here. Okay, let me make it perfectly clear. I know the very difficult
job our incredibly talented teachers have. I know that they are more overworked and more frustrated
than they have ever been. And I have teachers telling me I've never wanted to leave the profession
as much as I have this year. So I know that their planning time is precious to them, and I hope we
can find answers for them, real solutions that will protect their planning time, give them as much
as possible during the school.",0,5,0
41,1:24:00,1:26:00,"[01:24:00–01:24:30]
day that is not before or after school, and that we will be able to do that. And so the ideas that
Mrs. Kuzella shared, I'm hopeful for, and I appreciate that. I just am asking for teachers who have
asked me why weren't they included? Why does no one care about my opinion? And there was a Google
Doc that had submissions from lots of teachers, and they were all meeting together, and I just
wondered if they had given those to you and what you did with them. We don't have that. I don't have
that. We've never seen that. Or it's a writing survey. I would invite you to join us instead of
reading.

[01:24:30–01:25:00]
us instead of resisting us and fighting us. I would invite you to ask stakeholders what's meaningful
to them before you decide for them and then give it to them like you did with teacher retention
survey that made virtually no difference. We're not deciding anything. We we've we uh we we're
summarizing Ms. Gazella summarized some ideas that came out of that meeting. Don't things have been
decided. Yep. And and if you have any ideas to add to that please do. Mr President may I ask how
long was the meeting? Mr President may I ask a question I wasn't I wasn't there an hour. I think it
was an hour.

[01:25:30–01:26:00]
We might have ran a little late. How long have we, I mean, we've been vocally hearing about the
teacher planning time now for how long? Does anybody know? Since June. Since January. Okay. Maybe
December. By my understanding was that this has been spoken about at board meetings from this dais,
um, that teacher planning time has been a historically tricky subject going back much longer than
January. This was",0,5,0
42,1:26:00,1:28:00,"[01:26:00–01:26:30]
well known. Was that reiterated in your in your meeting that this is a well known issue that's been
that's been struggled with to try to balance for a while? Yes? Yes. You would say no. I mean, I
didn't hear that in the meeting. I'm not saying that it's not true. I just didn't hear that in the
meeting. My understanding was that we have had this spoken about that Dr. Grigorski had said a
couple meetings back that this was something that has been struggled with for a while. Like we we
knew that this was something that we've always kind of juggled with and we we didn't

[01:26:30–01:27:00]
really have a solution. Did I am I here? Am I remembering that correctly? Yes. And at the meeting it
it was discussed multiple times that this is a challenge every year, and it has been uh this is not
a new issue. This has been an issue that has been on the table for much longer than I have been on
the board, than you have been on the board, than Mr. Perez has been on the board, Ms. Cusella has
been on the board. You were president at one time, correct? Yes.

[01:27:00–01:27:30]
Yes. Did you ever dig into figuring out a solution for teacher planning time since this has been a
longstanding issue? This was not an issue when I was presenting to the issue when I was president.
So then what we just discussed, this is a long standing issue that teachers have been struggling
with teacher planning time for a very long time. That's untrue? It was not. Or it was not known to
you? It was not an issue when I was president. So you did not ever dig into it was not an issue when
I was president. Okay. So then it has not been a long standing issue to your knowledge? It was not
an issue when I was a little bit of a sort of a s

[01:27:30–01:28:00]
Was not an issue when I was president. Okay. So this is the question. This is not an issue. So this
has been said that this was not an issue. Teacher planning time was not an issue while Rebecca Fox
was president of the board at the time. Nor at any point in time while she was on the board was
teacher planning time ever an issue. Would you agree to that? I'm going to take by your silence you
mean no. You were not agreeing to that. Maybe it wasn't right. I I want to I want to ask one more
clarifying question. I want to ask one more question.",0,5,0
43,1:28:00,1:30:00,"[01:28:00–01:28:30]
I have acknowledged that teacher planning time is a concern. I acknowledge that teacher planning
time has gotten worse with time, with more and more responsibilities. But not while you were
president. Do you know when I was president? Yeah. Okay. But you could I'm sure you do. You you
remind us all of how long you've been here, 20 plus years and just doing an amazing job. So I just
wanted to clarify again that while you were president at the time that Mr. Perez Mr. Perez has sat
in this presidency and he took the initiative to create this idea to try.

[01:28:30–01:29:00]
to solve a problem which you are now criticizing when you were president you did not because it
wasn't a problem when you weren't president that's what you're that's what you're claiming. So
you're criticizing while we're trying to problem solve in a way in a manner that you said you didn't
know about the problem because it wasn't a problem. I'm not sure which one is the truth here. We can
give you grace and believe that you didn't know. Mr President can I just have one can you s share
the Google Doc with the board please? No I don't have it. I heard about it but I do not have it.
Well then you know what let's don't talk about it and then

[01:29:00–01:29:30]
Don't talk about an fictitious item before we see it and know that it really exists. How about that?
Mr. President. Do we have any other questions? I have one more question. One more question. Go
ahead, Ms. Fox. When one of the teachers came and brought us all those yellow papers with no cost
solutions, were those things discussed at the meeting? Did you bring that information that she
brought and bring those to the meeting and talk about those just I had those on hand.",0,5,0
44,1:30:00,1:32:00,"[01:30:00–01:30:30]
hand the it was given to the entire board, right? Right. So I read through all those. That was
certainly part of um what could be brought up for discussion. That the main point of that meeting
was to listen and to listen to teachers and principals who deal with this and listen to them and we
listened very well. We asked questions. I also just want to uh reiterate that uh I thought that the
principals and the teachers who came uh were were great choices because they each represented some
small campuses, some larger. And I think that that there's a lot of

[01:30:30–01:31:00]
But there's a lot of uh credit to who they chose. I agree with. Thank you. Who chose them? I did.
Okay. How did you choose? How did you choose? Just that smaller and larger and I tried to choose
smaller and larger. I tried to use north and south. I tried to use um people that had spoken uh AFT,
non-AFT. I I tried to be very diverse so that we could get a good representation. And I spent a lot
of time on it. I think you did a job. Thank you, Mrs. Fox. I think you did a very good job with
that.

[01:31:00–01:31:30]
I wish you had invited more people or ask for stakeholders who are not invited to the table. I think
that it feels exclusive, and I'm I'm just know that there are teachers who are very hopeful about
it, and then there were like one meeting one day with four educators, and and they they just were
disappointed that there would not be meaningful change. Well, you know why that's the process is not
finished. First of all, the process is not finished. Number number two, it's one meeting of a dozen
people, ten people, whatever it is. We can't

[01:31:30–01:32:00]
have a meeting with 80 people, 100 people, 200 people to give their input. Okay? We've done it for
years. Well, Mrs. Fox, you beat us over the head constantly because we call too many meetings. So
I'm trying we were trying. You do. And so we are trying to be respectful of the fact that you and a
couple others think we ask for too many meetings. So we are trying to be respectful of people's time
and because uh at your request. Okay. Do we have any other uh comments on the that I would",0,5,0
45,1:32:00,1:34:00,"[01:32:00–01:32:30]
like to commit update. May I please say something? So I was at at the meeting and I appreciate you
allowing me to be at the meeting. And for the most part, I mean I'm sure that uh Mrs. Teamy and Mrs.
Kuzella could attest to this. I I really didn't s say anything because they were kind of leading the
meeting. That's that's fine because they were in charge of it and so that's fine. But I kind of got
a little bit of different take on it. Those those things that you listed, I agree that those were
ideas, but I I wouldn't agree that those are all action plans.

[01:32:30–01:33:00]
because some of those ideas, for example, the lunchroom monitor thing, that was kind of nixed
because either they said that the volunteers were not good because you couldn't really rely on the
volunteers, because I had kind of said that was one thing I did talk about. They couldn't really
rely on the volunteers, and then we just don't have the money to hire lunchroom monitors. So that
kind of negated the so that that I just wanted to clarify that, and also um the pl increase in
planning time, although those two principles.

[01:33:00–01:33:30]
Although those two principals did s say that those were good ideas, um I think I think it was Mr.
Smith, I don't want to misquote anybody, but somebody said that that may not be able to happen at
every school. So although that does sound like a good idea, it's just because of the size of the
school and dismissal times and things like that. Some schools it's so in other words, it can't be a
blanket thing. So what I got from it, from what I gathered just sitting there listening, was there's
not really like a one size fits all thing. So th these are not really so",0,5,0
46,1:34:00,1:36:00,"[01:34:00–01:34:30]
So there's not really a clear instruction in my mind to give to Dr. Grigorsky to come up with some
kind of plan when it's just like it's it just seems like it's whatever school can do, whatever they
want, as long as they're not breaking the law that we have. So there's not really I don't know how I
can say you know, like like a rule would be okay, well y'all can do forty-five minutes or fifty
minutes, or you can do fifty-five minutes if you can. You can have a laundry monitor, you don't have
to have a launch room monitor. You know, what what else was it? Um you know, one of the two people
said that the

[01:34:30–01:35:00]
APs like to be in there and then other people said they don't like the APs in there. Some people
said they like APs to give input. Some people said they don't like the input. So so then what does
he say on that? Okay, APs, y'all can give input or don't give input or y'all can be in it or don't
be in it. And so it's not really there's not really like a concise in my mind. I'm not saying I know
that this is at the beginning, but I didn't walk away from there saying let's do this one thing for
all the schools. I don't have any idea how you would give anybody an instruction on what to do

[01:35:00–01:35:30]
when it's so many different options. It's like telling a kid, giving them a box of crayons and
saying, Okay, I'm going to tell you what kind of colour are you going to have to color in. Any of
the other sixty four colors. I mean it's there's not really a way to to instruct someone. Well I I
you know I I think come up with ideas. I mean don't you're defeatist attitude I don't have a
defeatist attitude. Let's collaborate, come up with ideas. Dr. Grigorsky and and staff will look at
them, consider them, etc.

[01:35:30–01:36:00]
I'm not finished. Let me just I just have two more things. I don't have just in retaliation of that.
I don't have a defeatist attitude. Actually, I'm a very optimistic person, and I believe that I
believe in the better that the principals know what they're doing. That's that's my confidence
level. I think that obviously there are people, teachers out there who aren't happy with their
planning time. They should go to their principals, discuss it. They cannot be forced. As that was
another thing. Did you know we asked could we use outside counsel? So we brought uh Mr. Graham in
there to read the law, and he said it was very straightforward.",0,5,0
47,1:36:00,1:38:00,"[01:36:00–01:36:30]
it had three lines. I can't quote it. I don't even know what it's called, but he um did read it, and
then they wanted to. I think Ms. Timmy wanted to know should we get a second opinion on the law. And
um, you know, and and I and she asked me, and I said, no, we don't need an outside counsel to tell
us what the law is because I mean I could probably read the law too, and I'm not a lawyer, but but
but so I'm not trying to be defeated, I'm actually trying to be optimistic. I'm trying to give the
the I'm trying to give it the for granted, I'm gonna

[01:36:30–01:37:00]
I'm gonna assume that for the most part the principals are gonna try their hardest. Now it's been
brought up to their attention, it's on call, they know that we're watching, the principals know that
the what the law is, they're not gonna break it. I think Mr. Graham even said I'm I hate to vote
him, but there hasn't been any any lawsuits or anything like that brought forward, or there hasn't
been any threats of a lawsuit. So I think we're following the law. And that's all I wanna say in my
summary of what I saw. May I ask a question? Sure. Um out of that meeting, did we

[01:37:00–01:37:30]
because I think that this is I'm glad you brought up the law. Um because I think this has been the
question that's kind of hanging over our heads. Did we come to a conclusion on whether or not we are
in compliance with the law? Yes, ma'am. So this is Justin Graham, General Counsel for the district.
This is something I provided an update to the board on uh multiple times, also provided an update to
that particular committee. Uh I will not um be at liberty to speak to my legal advice without motion
from this board, uh, but I'm very confident that we are compliant with the law.

[01:37:30–01:38:00]
and that's something that I've responded directly to every member of this board on at least twice.
So is there um following up with that, is there um any measure of I hate to use investigation
because it sounds heavy-handed, but um work discerning when we have teachers that come and present
here and say that they're not we're not in compliance with the law, are we figuring out where that's
coming from? Well so as you know",0,5,0
48,1:38:00,1:40:00,"[01:38:30–01:39:00]
as a trustee, if somebody comes to you as a member of this board and has a complaint or has a
concern, you have a responsibility under both policy and under your superintendent's contract to
forward that uh complaint to the superintendent and allow he and his administrative team to look at
it. My understanding is that every uh particular individual that has brought this concern forward
has had an opportunity to meet with their principal andor their area superintendent. And I've got uh
elementary area superintendents over here who can speak to that. But again, that's the first step to
a resolution.

[01:39:00–01:39:30]
Up to a resolution of a disagreement. Again, we've got, guys, we've got 7,000 teachers. Everybody's
got a different schedule. Everybody's got different things that they have to do. We all have to have
this collaborative team planning that we have to do together, along with, quite honestly, just the
requirements from the state and federal government. Just the fact that the state and federal
government make it so onerous for teachers, which is why we encourage them when they have these
particular issues as individuals. Please go to your campus principal and if you're not satisfied.

[01:39:30–01:40:00]
Thank you. Thank you, Mr. Move forward with your uh uh uh assistant areas. Thank you. Uh we we
intend to pursue in looking at this area because there are a lot of teachers that are unhappy about
their planning time. Uh and we'd like to over the summer circle back and see before the school year
what opportunities there may be to improve and protect their planning time. Uh so we're gonna
proceed with that, uh with with hopefully with uh Dr. Gorge's cooperation and and and his staff. Um
do we have any other",0,5,0
49,1:40:00,1:42:00,"[01:40:00–01:40:30]
Mr. President. I think my hope and Marilyn's hope when we worked on this list of suggested items
going forward. Um Don, you don't you didn't work with us on it, but Marilyn and I did. And I think
the point was just to put as many tools into the principal's hands as possible and encourage them to
use them. And if a school needs lunch monitors and they think it's gonna they think it's gonna help
their teachers, I'm all for adding that to the budget. That I know I'm just one board member and I
can't speak for everybody else.

[01:40:30–01:41:00]
but that's that's where I stand. That's why I put it there as an option, not because um some people
said it wasn't good or some people said it was, it's because I'm trying to get as many tools into
the toolbox for our principals, which then trickles down to our teachers. Would you agree, Ms.
Kuzella? Yes, Tristy Tini. Um it's like I said, it's not a magic bullet. We have a lot of varied
campuses, but we want to make sure we share ideas among principals. Uh there's some new principals,
maybe they they haven't thought of certain ideas, and and that's what was to

[01:41:00–01:41:30]
be brought forth. Different solutions that people could choose from. It's called sharing knowledge,
knowledge sharing. It's a s it's a key of a successful organization. Mr. President, I do like that
idea of sharing ideas, because I mean that could be for anything, not just planning time, anything.
But I do find it insulting to think that the principals don't know what's in their toolbox. They've
already been teachers for a long time. No one said that. No one said that. No. Mrs. Teamy said I
want to give more options and put more tools in the toolbox and I think you said more tools on the

[01:41:30–01:42:00]
You said more to more options for them that maybe they didn't hadn't thought of. Well, right now
they don't have it in their budget for lunch monitors. So I'm trying to I know, but but they they
have thought of things. I mean they've been teachers, they went to college, they have experience.
Most teach most principals have been assistant principals. They have a lot of experience doing this
already. So they already know what a planning period time, they already have ideas, and I think that
they've probably thought of all these things. I can't imagine a principal not already have thought
of all these things. So Tristan",0,5,0
50,1:42:00,1:44:00,"[01:42:30–01:43:00]
So Trustee Champaign, are you interested in trying to do anything to help your planning topic? Yes
or no? I am interested in finding out, like it may be a survey, to see how many teachers are
actually unhappy with this. And I know that the Aft, the AAFT, it has done s sort of an unofficial
survey themselves, and they said that they've talked to, I don't know, so many schools and they know
the numbers, but they've talked to so many teachers at so many schools, and they have done some sort
of survey. But

[01:43:00–01:43:30]
But I don't know, I can't remember all the numbers of it, but I know that they've reached out to a
bunch of people. But that's not really like I appreciate their effort, but I don't know if that's
just an official official survey. So is your conclusion um that you don't think that many teachers
have a problem with the other thing? I I think that this has been an ongoing problem, as Mrs.
Calhoun has said. But it may

[01:43:30–01:44:00]
for example, the books is a good example. That may have been an issue for a long time, and then you
know, people started bringing it up more, and then it becomes more of an issue. Just like this
teacher planning time. I've been on the board seven years. I never heard people complaining about it
like this until just recently. But that's it's it's not it's not that it wasn't there, it's just
that it wasn't brought up at that time. Well, we we know that teachers and this is we're not gonna
solve this exactly, but teachers work a lot of hours at home and and they burn out and they're get
frustrated, and if we can do something to help",0,5,1
51,1:44:00,1:46:00,"[01:44:00–01:44:30]
with that by protecting, making sure that their planning time is protected. I think that's that's
worthwhile. Uh I'd like to move on. I have I have something else I'd like to ask. I uh completely
agree. I think the sharing of ideas is always a great thing. We've done it in this district for a
very long time. When you share best practices, there's no need to reinvent the wheel, and what would
work for some campuses will work for others. There is not one answer that fits all, that's obvious.
I want to ask

[01:44:30–01:45:00]
there was a speaker this evening who said secondary wants a seat at the table and hoping there's
another meeting. So if we're just focusing on elementary, can people tonight hearing this discussion
think the elementary is the one that you're that's going to get the focus for now? Or will you
invite secondary teachers to the table? Sure. What is there gonna be another meeting? And and Mrs.
Kuzzelli, you said something to Mrs. Champagne about I can't remember what it was, but something
about did she want something but

[01:45:00–01:45:30]
She wants something, but you and Mrs. Teamy have been having meetings and she was invited to one
meeting. So for her to for you to act like she isn't a part of wanting it to be uh an answer. Okay,
that was me. No, no. We didn't have she just said it. She just said, Mrs. Mrs. Champagne, do you not
want this to be do you not want to be part of the solution? But she hasn't been included in the
solution discussion. It was you and Mrs. Teamy. Would you answer? I don't know what you're talking
about. So I think Ms. Teamy mentioned it, but I'm I'm not sure it's value add to to to ramble up
here about that. But I was addressing Ms. Champagne about her conversation.

[01:45:30–01:46:00]
I think we've talked about that enough. It's a committee update. Do we have any uh recap of board
member requests for information? Uh I had just asked uh for uh an idea of the current need of um
KDSD certified teachers for dual credit courses versus using HCC professors. I just wanted an idea
of what courses we were trying to fulfill. Okay. Thank you. Um okay. Well our next uh meeting is on
May 5th. It'll be a work study meeting.",0,5,0
52,1:46:00,1:48:00,"[01:46:00–01:46:30]
May 5th, 2025, and then the regular board meeting will be on May 12th, 2025. And the board will now
uh we will now convene an open and close meeting, uh the board will, as authorized under section
551.001 of the Texas government code for the following purposes. Texas Government Code 551.0821,
551.074. It is necessary for everyone to please clear the room as the board will convene in closed
meeting in this room. Thank you.

[01:47:00–01:47:30]
The board will now reconvene an open meeting Tuesday, today's Tuesday, April 22, 2025, and the time
is 811 p.m. The board heard a level three grievance, level three FNG grievance 24-078, pursuant to
KDA Independent School District Policy, FNG legal, FNG local, and regarding parent student
grievances.

[01:47:30–01:48:00]
in closed meeting. In accordance with Chapter 551 of the Text Government Code, any action regarding
this matter must be taken in open meeting. Mr. President, I realize I needed to abstain uh from this
vote, so just sharing. That's why I didn't participate in the conversation. Wanted to share that.
Okay. Uh Mr. Redman is abstaining from voting uh in uh in today's vote, tonight's vote. Do I have a
motion on the level three F and G grievance? Do I have a motion?",0,5,0
53,1:48:00,1:50:00,"[01:48:00–01:48:30]
on the grievance? Mr. President, uh I move that the Board of Trustees denies the Level 3 FNG
grievance in FNG 24078, thereby upholding the decision of the Level 1 and Level 2 hearing officer.
Do I have a second? We will now proceed to vote. The emotion carries by a vote of uh six ayes.

[01:48:30–01:49:00]
ayes and we have one abstention. There being no further business before the board, this meeting is
adjourned. The time is 8.13 p.m.",0,5,0